RMSE,R2
6.511353655672593,0.5391180097642618
